timestamp,pid,cpu_percent,rss_kb,vsz_kb
2026-09-25 00:12:42,4677,0.0,2068,2904
2026-09-25 00:12:43,4677,6.8,2200,2908
2026-09-25 00:12:44,4677,3.4,2200,2908
2026-09-25 00:12:45,4677,2.3,2200,2908
2026-09-25 00:12:46,4677,1.7,2200,2908
2026-09-25 00:12:47,4677,1.3,2200,2908
2026-09-25 00:12:48,4677,1.1,2200,2908
2026-09-25 00:12:49,4677,0.9,2200,2908
2026-09-25 00:12:50,4677,0.8,2200,2908
2026-09-25 00:12:51,4677,0.7,2200,2908
2026-09-25 00:12:52,4677,0.6,2200,2908
2026-09-25 00:12:53,4677,0.6,2200,2908
2026-09-25 00:12:54,4677,0.5,2200,2908
2026-09-25 00:12:55,4677,0.5,2200,2908
2026-09-25 00:12:56,4677,0.4,2200,2908
